{
  "channel_id": "math_adventures",
  "channel_name": "Math Adventures",
  "title": "Counting Carnival",
  "episode_number": 1,
  "description": "Educational episode about Counting Carnival",
  "characters": [
    "Count Captain",
    "Number Ninja",
    "Equation Explorer"
  ],
  "scenes": [
    {
      "scene_number": 1,
      "setting": "Educational environment",
      "dialog": [
        {
          "character": "Count Captain",
          "text": "Welcome to Math Adventures! Today we're exploring Counting Carnival!"
        },
        {
          "character": "Number Ninja",
          "text": "That sounds amazing! What will we learn?"
        },
        {
          "character": "Equation Explorer",
          "text": "Let's discover together!"
        }
      ]
    }
  ],
  "target_audience": "Children ages 5-12",
  "educational_objectives": [
    "Learn main concepts",
    "Apply knowledge",
    "Have fun learning"
  ]
}