{
  "name": "Rumble Video Generator",
  "image": "mcr.microsoft.com/devcontainers/javascript-node:20",
  "features": {
    "ghcr.io/devcontainers/features/common-utils:2": {},
    "ghcr.io/devcontainers-contrib/features/ffmpeg-apt-get:1": {},
    "ghcr.io/devcontainers/features/github-cli:1": {}
  },
  "customizations": {
    "vscode": {
      "extensions": [
        "dbaeumer.vscode-eslint",
        "esbenp.prettier-vscode",
        "ms-vscode.vscode-typescript-next",
        "bradlc.vscode-tailwindcss",
        "formulahendry.auto-rename-tag"
      ],
      "settings": {
        "terminal.integrated.defaultProfile.linux": "bash",
        "editor.formatOnSave": true,
        "editor.defaultFormatter": "esbenp.prettier-vscode",
        "editor.codeActionsOnSave": {
          "source.fixAll.eslint": true
        }
      }
    }
  },
  "postCreateCommand": "npm install && npm run setup 2>/dev/null || true",
  "postStartCommand": "echo '🚀 Rumble Video Generator ready! Run: npm run dev'",
  "forwardPorts": [3000, 5000, 8080],
  "portsAttributes": {
    "3000": {
      "label": "Application",
      "onAutoForward": "notify"
    },
    "5000": {
      "label": "Backend API",
      "onAutoForward": "silent"
    }
  },
  "remoteEnv": {
    "NODE_ENV": "development"
  }
}