{
  "channel_id": "science_explorers",
  "channel_name": "Science Explorers",
  "title": "Electricity Experiments",
  "episode_number": 3,
  "description": "Educational episode about Electricity Experiments",
  "characters": [
    "Dr. Spark",
    "Wonder Kid",
    "Experiment Bot"
  ],
  "scenes": [
    {
      "scene_number": 1,
      "setting": "Educational environment",
      "dialog": [
        {
          "character": "Dr. Spark",
          "text": "Welcome to Science Explorers! Today we're exploring Electricity Experiments!"
        },
        {
          "character": "Wonder Kid",
          "text": "That sounds amazing! What will we learn?"
        },
        {
          "character": "Experiment Bot",
          "text": "Let's discover together!"
        }
      ]
    }
  ],
  "target_audience": "Children ages 5-12",
  "educational_objectives": [
    "Learn main concepts",
    "Apply knowledge",
    "Have fun learning"
  ]
}