{
  "channels": [
    {
      "id": "educational_adventures",
      "name": "Amazing Learning Adventures",
      "theme": "Educational content for children",
      "characters": [
        "Captain Marina",
        "Curious Casey",
        "Luna"
      ],
      "targetAudience": "Children ages 5-12",
      "contentStyle": "Interactive educational adventures",
      "uploadSchedule": "0 9 * * *",
      "description": "Educational adventures with Captain Marina and friends",
      "episodeCount": 0
    },
    {
      "id": "science_explorers",
      "name": "Science Explorers",
      "theme": "Science and discovery",
      "characters": [
        "Dr. Spark",
        "Wonder Kid",
        "Experiment Bot"
      ],
      "targetAudience": "Students ages 8-14",
      "contentStyle": "Science experiments and explanations",
      "uploadSchedule": "0 15 * * *",
      "description": "Exciting science experiments and discoveries",
      "episodeCount": 0
    },
    {
      "id": "story_time_magic",
      "name": "Story Time Magic",
      "theme": "Storytelling and creativity",
      "characters": [
        "Narrator Nova",
        "Story Sprite",
        "Book Buddy"
      ],
      "targetAudience": "Children ages 3-10",
      "contentStyle": "Interactive storytelling and moral lessons",
      "uploadSchedule": "0 19 * * *",
      "description": "Magical stories that inspire and teach",
      "episodeCount": 0
    },
    {
      "id": "math_adventures",
      "name": "Math Adventures",
      "theme": "Mathematics made fun",
      "characters": [
        "Count Captain",
        "Number Ninja",
        "Equation Explorer"
      ],
      "targetAudience": "Students ages 6-12",
      "contentStyle": "Math concepts through games and adventures",
      "uploadSchedule": "0 10 * * *",
      "description": "Making math fun and accessible for everyone",
      "episodeCount": 0
    },
    {
      "id": "creative_crafts",
      "name": "Creative Crafts Corner",
      "theme": "Arts, crafts, and creativity",
      "characters": [
        "Artsy Amy",
        "Crafty Carl",
        "Creative Chloe"
      ],
      "targetAudience": "Children ages 4-12",
      "contentStyle": "DIY crafts and artistic projects",
      "uploadSchedule": "0 14 * * *",
      "description": "Inspiring creativity through fun craft projects",
      "episodeCount": 0
    }
  ],
  "episodes": [
    {
      "channelId": "story_time_magic",
      "episodeNumber": 1,
      "title": "The Brave Little Mouse",
      "status": "failed",
      "createdAt": "2025-07-14T19:42:24.675Z"
    },
    {
      "channelId": "educational_adventures",
      "episodeNumber": 1,
      "title": "The Water Cycle Adventure",
      "status": "failed",
      "createdAt": "2025-07-14T19:42:24.673Z"
    },
    {
      "channelId": "creative_crafts",
      "episodeNumber": 1,
      "title": "Paper Airplane Factory",
      "status": "failed",
      "createdAt": "2025-07-14T19:42:24.676Z"
    },
    {
      "channelId": "math_adventures",
      "episodeNumber": 1,
      "title": "Counting Carnival",
      "status": "failed",
      "createdAt": "2025-07-14T19:42:24.676Z"
    },
    {
      "channelId": "science_explorers",
      "episodeNumber": 1,
      "title": "Chemical Reactions Lab",
      "status": "failed",
      "createdAt": "2025-07-14T19:42:24.675Z"
    }
  ],
  "lastUpdated": "2025-07-14T19:42:27.389Z"
}