{
  "channel_id": "educational_adventures",
  "channel_name": "Amazing Learning Adventures",
  "title": "The Water Cycle Adventure",
  "episode_number": 1,
  "description": "Educational episode about The Water Cycle Adventure for Children ages 5-12",
  "educational_objectives": [
    "Understand the main concept",
    "Learn through interactive examples",
    "Apply knowledge in real situations"
  ],
  "target_audience": "Children ages 5-12",
  "characters": {
    "captain_marina": "Captain Marina - Interactive educational adventures",
    "curious_casey": "Curious Casey - Interactive educational adventures",
    "luna": "Luna - Interactive educational adventures"
  },
  "scenes": [
    {
      "scene_number": 1,
      "duration": 60,
      "setting": "Educational environment",
      "visual_description": "Colorful animated background with characters",
      "dialog": [
        {
          "character": "Captain Marina",
          "text": "Welcome to Amazing Learning Adventures! Today we're exploring The Water Cycle Adventure!",
          "emotion": "excited"
        },
        {
          "character": "Curious Casey",
          "text": "That sounds amazing! What will we learn about The Water Cycle Adventure?",
          "emotion": "curious"
        },
        {
          "character": "Luna",
          "text": "Let's discover together! This is going to be fun!",
          "emotion": "amazed"
        }
      ],
      "educational_focus": "Introduction to the topic",
      "interactive_element": "Ask viewers what they already know"
    },
    {
      "scene_number": 2,
      "duration": 60,
      "setting": "Learning demonstration area",
      "visual_description": "Visual examples and demonstrations",
      "dialog": [
        {
          "character": "Captain Marina",
          "text": "Let me show you how this works!",
          "emotion": "teaching"
        },
        {
          "character": "Curious Casey",
          "text": "Wow, I never knew that!",
          "emotion": "surprised"
        },
        {
          "character": "Luna",
          "text": "This is so cool! Can we try it?",
          "emotion": "excited"
        }
      ],
      "educational_focus": "Core concept explanation",
      "interactive_element": "Pause and predict what happens next"
    }
  ],
  "conclusion": "Great job learning about The Water Cycle Adventure! You're becoming an expert!",
  "call_to_action": "Try this at home and share your discoveries!",
  "fun_facts": [
    "Amazing fact about The Water Cycle Adventure",
    "Interesting discovery related to The Water Cycle Adventure"
  ],
  "vocabulary": [
    "concept",
    "discovery",
    "learning"
  ]
}