{
  "channel_id": "story_time_magic",
  "channel_name": "Story Time Magic",
  "title": "Friendship Forest",
  "episode_number": 3,
  "description": "Educational episode about Friendship Forest",
  "characters": [
    "Narrator Nova",
    "Story Sprite",
    "Book Buddy"
  ],
  "scenes": [
    {
      "scene_number": 1,
      "setting": "Educational environment",
      "dialog": [
        {
          "character": "Narrator Nova",
          "text": "Welcome to Story Time Magic! Today we're exploring Friendship Forest!"
        },
        {
          "character": "Story Sprite",
          "text": "That sounds amazing! What will we learn?"
        },
        {
          "character": "Book Buddy",
          "text": "Let's discover together!"
        }
      ]
    }
  ],
  "target_audience": "Children ages 5-12",
  "educational_objectives": [
    "Learn main concepts",
    "Apply knowledge",
    "Have fun learning"
  ]
}