{
  "isActive": true,
  "account": "jasonclarkagain@gmail.com",
  "seriesTitle": "Amazing Learning Adventures - Educational Series",
  "totalEpisodes": 30,
  "currentEpisode": 2,
  "nextUpload": "2025-07-15T13:00:57.989Z",
  "schedule": "Daily at 9:00 AM UTC",
  "characters": [
    "Captain Marina",
    "Curious Casey",
    "Luna the Explorer"
  ],
  "automation": {
    "videoGeneration": "Enabled",
    "youtubeUpload": "Enabled",
    "qualityChecks": "Enabled",
    "contentOptimization": "Enabled"
  }
}