{
  "episodeNumber": 1,
  "title": "The Water Cycle Adventure - Episode 1",
  "description": "Join Captain Marina, Curious Casey, and Luna for an educational adventure about The Water Cycle Adventure!",
  "script": {
    "title": "The Water Cycle Adventure - Episode 1",
    "description": "Join Captain Marina, Curious Casey, and Luna for an educational adventure about The Water Cycle Adventure!",
    "educationalObjectives": [
      "Learn about The Water Cycle Adventure",
      "Engage with interactive content",
      "Have fun learning"
    ],
    "scenes": [
      {
        "duration": 300,
        "dialog": [
          {
            "character": "Captain Marina",
            "text": "Welcome to our amazing adventure about The Water Cycle Adventure!",
            "timing": {
              "start": 0,
              "end": 5
            }
          }
        ],
        "visualDescription": "Colorful educational scene with the three characters",
        "interactiveElements": [
          "Can you guess what we'll learn today?"
        ]
      }
    ],
    "youtubeDescription": "🎓 The Water Cycle Adventure - Episode 1/30\n\nJoin our educational adventure series!\n\n#Education #Learning #FamilyFriendly",
    "tags": [
      "education",
      "learning",
      "family-friendly",
      "kids"
    ]
  },
  "status": "generated",
  "youtubeUrl": "https://youtube.com/watch?v=demo_sQ4-aGKp2w3745Fa1YqPx"
}