{
  "title": "Amazing Learning Adventures - Educational Series",
  "youtubeAccount": "jasonclarkagain@gmail.com",
  "totalEpisodes": 30,
  "topics": [
    "The Water Cycle Adventure",
    "Solar System Exploration",
    "How Plants Grow",
    "Animal Habitats",
    "Weather Patterns",
    "Ocean Life",
    "Dinosaur Discovery",
    "Counting Adventures",
    "Shape Recognition",
    "Pattern Discovery",
    "Simple Addition",
    "Measurement Fun",
    "Time Concepts",
    "Money Basics",
    "Alphabet Adventures",
    "Storytelling Basics",
    "Reading Together",
    "Writing Skills",
    "Communication",
    "Different Languages",
    "Poetry Fun",
    "Colors and Art",
    "Music Exploration",
    "World Cultures",
    "Creative Building",
    "Dance and Movement",
    "Cooking Together",
    "Nature Art",
    "Kindness Matters",
    "Problem Solving"
  ],
  "characters": [
    "Captain Marina",
    "Curious Casey",
    "Luna the Explorer"
  ],
  "schedule": "Daily uploads at 9:00 AM UTC",
  "estimatedCompletion": "2025-08-13T13:00:57.995Z"
}