{
  "channel_id": "educational_adventures",
  "channel_name": "Amazing Learning Adventures",
  "title": "Journey Through Solar System",
  "episode_number": 2,
  "description": "Educational episode about Journey Through Solar System",
  "characters": [
    "Captain Marina",
    "Curious Casey",
    "Luna"
  ],
  "scenes": [
    {
      "scene_number": 1,
      "setting": "Educational environment",
      "dialog": [
        {
          "character": "Captain Marina",
          "text": "Welcome to Amazing Learning Adventures! Today we're exploring Journey Through Solar System!"
        },
        {
          "character": "Curious Casey",
          "text": "That sounds amazing! What will we learn?"
        },
        {
          "character": "Luna",
          "text": "Let's discover together!"
        }
      ]
    }
  ],
  "target_audience": "Children ages 5-12",
  "educational_objectives": [
    "Learn main concepts",
    "Apply knowledge",
    "Have fun learning"
  ]
}