{
  "total_channels": 5,
  "total_episodes_per_channel": 30,
  "total_videos_planned": 150,
  "channels": [
    {
      "id": "educational_adventures",
      "name": "Amazing Learning Adventures",
      "characters": [
        "Captain Marina",
        "Curious Casey",
        "Luna"
      ],
      "episodes_ready": 3,
      "total_topics": 3
    },
    {
      "id": "science_explorers",
      "name": "Science Explorers",
      "characters": [
        "Dr. Spark",
        "Wonder Kid",
        "Experiment Bot"
      ],
      "episodes_ready": 3,
      "total_topics": 3
    },
    {
      "id": "story_time_magic",
      "name": "Story Time Magic",
      "characters": [
        "Narrator Nova",
        "Story Sprite",
        "Book Buddy"
      ],
      "episodes_ready": 3,
      "total_topics": 3
    },
    {
      "id": "math_adventures",
      "name": "Math Adventures",
      "characters": [
        "Count Captain",
        "Number Ninja",
        "Equation Explorer"
      ],
      "episodes_ready": 3,
      "total_topics": 3
    },
    {
      "id": "creative_crafts",
      "name": "Creative Crafts Corner",
      "characters": [
        "Artsy Amy",
        "Crafty Carl",
        "Creative Chloe"
      ],
      "episodes_ready": 3,
      "total_topics": 3
    }
  ],
  "system_features": [
    "Multi-channel video generation",
    "Unique themes and characters per channel",
    "Professional thumbnail creation",
    "Automated script generation",
    "Ready for manual upload to different YouTube accounts",
    "No OAuth required - local file generation"
  ],
  "next_steps": [
    "Add OpenAI API credits for full video generation",
    "Run daily generation for 30 days",
    "Upload videos manually to respective YouTube channels",
    "Monitor performance across all channels"
  ],
  "output_directory": "/home/runner/workspace/server/quick_demo_output",
  "generated_at": "2025-07-14T19:45:51.352Z"
}