{
  "channel_id": "creative_crafts",
  "channel_name": "Creative Crafts Corner",
  "title": "Painting Paradise",
  "episode_number": 3,
  "description": "Educational episode about Painting Paradise",
  "characters": [
    "Artsy Amy",
    "Crafty Carl",
    "Creative Chloe"
  ],
  "scenes": [
    {
      "scene_number": 1,
      "setting": "Educational environment",
      "dialog": [
        {
          "character": "Artsy Amy",
          "text": "Welcome to Creative Crafts Corner! Today we're exploring Painting Paradise!"
        },
        {
          "character": "Crafty Carl",
          "text": "That sounds amazing! What will we learn?"
        },
        {
          "character": "Creative Chloe",
          "text": "Let's discover together!"
        }
      ]
    }
  ],
  "target_audience": "Children ages 5-12",
  "educational_objectives": [
    "Learn main concepts",
    "Apply knowledge",
    "Have fun learning"
  ]
}